<?xml version="1.0" encoding="UTF-8"?>
<manifest xmlns="http://www.imsglobal.org/xsd/imscp_v1p1" xmlns:adlcp="http://www.adlnet.org/xsd/adlcp_v1p3" xmlns:adlseq="http://www.adlnet.org/xsd/adlseq_v1p3" xmlns:adlnav="http://www.adlnet.org/xsd/adlnav_v1p3" xmlns:imsss="http://www.imsglobal.org/xsd/imsss" xmlns:xsi="http://www.w3.org/2001/XMLSchema-instance" xmlns:lom="http://ltsc.ieee.org/xsd/LOM" identifier="com.scorm.manifesttemplates.scorm2004.4thEd" version="1" xsi:schemaLocation="http://www.imsglobal.org/xsd/imscp_v1p1 imscp_v1p1.xsd http://www.adlnet.org/xsd/adlcp_v1p3 adlcp_v1p3.xsd http://www.adlnet.org/xsd/adlseq_v1p3 adlseq_v1p3.xsd http://www.adlnet.org/xsd/adlnav_v1p3 adlnav_v1p3.xsd http://www.imsglobal.org/xsd/imsss imsss_v1p0.xsd http://ltsc.ieee.org/xsd/LOM lom.xsd">
  <metadata>
    <schema>ADL SCORM</schema>
    <schemaversion>2004 4th Edition</schemaversion>
    <lom:lom>
      <lom:general>
        <lom:description>
          <lom:string language="en-US">Description</lom:string>
        </lom:description>
      </lom:general>
    </lom:lom>
  </metadata>
<organizations default="B0">
    <organization identifier="B0" adlseq:objectivesGlobalToSystem="false">
      <title>Quiz Course</title>
      <item identifier="i1" identifierref="r1" isvisible="true">
        <title>Quiz Objective 1</title>
        <imsss:sequencing>
          <imsss:objectives>
            <imsss:primaryObjective objectiveID="objective_1">
              <imsss:mapInfo targetObjectiveID="global_objective_1" readSatisfiedStatus="true" writeSatisfiedStatus="true"/>
            </imsss:primaryObjective>
          </imsss:objectives>
        </imsss:sequencing>
      </item>
      <item identifier="i2" identifierref="r2" isvisible="true">
        <title>Quiz Objective 2</title>
        <imsss:sequencing>
          <imsss:objectives>
            <imsss:primaryObjective objectiveID="objective_2">
              <imsss:mapInfo targetObjectiveID="global_objective_2" readSatisfiedStatus="true" writeSatisfiedStatus="true"/>
            </imsss:primaryObjective>
          </imsss:objectives>
        </imsss:sequencing>
      </item>
    </organization>
  </organizations>
  <resources>
    <resource identifier="r1" type="webcontent" adlcp:scormType="sco" href="./index.html?objective=1">
      <file href="./index.html"/>
    </resource>
    <resource identifier="r2" type="webcontent" adlcp:scormType="sco" href="./index.html?objective=2">
      <file href="./index.html"/>
    </resource>
  </resources>
</manifest>
