<?xml version="1.0" encoding="UTF-8"?>
<manifest xmlns="http://www.imsglobal.org/xsd/imscp_v1p1" xmlns:adlcp="http://www.adlnet.org/xsd/adlcp_v1p3" xmlns:adlseq="http://www.adlnet.org/xsd/adlseq_v1p3" xmlns:adlnav="http://www.adlnet.org/xsd/adlnav_v1p3" xmlns:imsss="http://www.imsglobal.org/xsd/imsss" xmlns:xsi="http://www.w3.org/2001/XMLSchema-instance" identifier="com.scorm.manifesttemplates.scorm2004.4thEd" version="1" xsi:schemaLocation="http://www.imsglobal.org/xsd/imscp_v1p1 imscp_v1p1.xsd http://www.adlnet.org/xsd/adlcp_v1p3 adlcp_v1p3.xsd http://www.adlnet.org/xsd/adlseq_v1p3 adlseq_v1p3.xsd http://www.adlnet.org/xsd/adlnav_v1p3 adlnav_v1p3.xsd http://www.imsglobal.org/xsd/imsss imsss_v1p0.xsd">
  
  <metadata>
    <schema>ADL SCORM</schema>
    <schemaversion>2004 4th Edition</schemaversion>
  </metadata>

  <organizations default="B0">
    <organization identifier="B0">
      <title>Scorm app 2004</title>
      
      <!-- Item 1 - Objective 1 -->
      <item identifier="item_1" identifierref="res_1">
        <title>Objective 1</title>
      </item>
      
      <!-- Item 2 - Objective 2 -->
      <item identifier="item_2" identifierref="res_2">
        <title>Objective 2</title>
      </item>

      <imsss:sequencing>
          <imsss:controlMode choice="true" flow="true" forwardOnly="false" choiceExit="true"/>
          <imsss:objectives>
            <imsss:primaryObjective objectiveID="objective_1"/>
            <imsss:objective objectiveID="objective_2"/>
            <imsss:objective objectiveID="objective_3"/>
          </imsss:objectives>
          <imsss:sequencingRules>
            <imsss:postConditionRule>
              <imsss:ruleConditions conditionCombination="all">
                <imsss:ruleCondition condition="completed"/>
              </imsss:ruleConditions>
              <imsss:ruleAction action="continue"/>
            </imsss:postConditionRule>
          </imsss:sequencingRules>
        </imsss:sequencing>

    </organization>
  </organizations>

  <resources>
    <resource identifier="res_1" type="webcontent" adlcp:scormtype="sco" href="./index.html">
      <file href="index.html"/>
    </resource>
    <resource identifier="res_2" type="webcontent" adlcp:scormtype="sco" href="./index.html">
      <file href="index.html"/>
    </resource>
  </resources>

  <imsss:sequencingCollection>
    <imsss:sequencing ID="global_sequencing">
      <imsss:rollupRules rollupObjectiveSatisfied="true" rollupProgressCompletion="true" objectiveMeasureWeight="1"/>
      <imsss:deliveryControls completionSetByContent="true" objectiveSetByContent="true"/>
    </imsss:sequencing>
  </imsss:sequencingCollection>

</manifest>
